[
  {
    "id": "test1",
    "image": "https://picsum.photos/799",
    "username": "nina",
    "userImage": "https://scontent-cdt1-1.cdninstagram.com/vp/fe2fa838d3c546c7b70c22395f63a796/5E56EF49/t51.2885-19/s150x150/42595108_1043995229094899_5199110465027833856_n.jpg?_nc_ht=scontent-cdt1-1.cdninstagram.com",
    "isLike": false,
    "likes": 400,
    "haveStories": true,
    "isMark": true,
    "description": "Hello bitch 1",
    "commentsCount": 0,
    "date": "2019-11-01T03:20:00.000Z"
  },
  {
    "id": "test2",
    "image": "https://picsum.photos/799",
    "userImage": "https://scontent-cdt1-1.cdninstagram.com/vp/fe2fa838d3c546c7b70c22395f63a796/5E56EF49/t51.2885-19/s150x150/42595108_1043995229094899_5199110465027833856_n.jpg?_nc_ht=scontent-cdt1-1.cdninstagram.com",
    "username": "nina",
    "isLike": true,
    "likes": 400,
    "haveStories": false,
    "isMark": false,
    "description": "Hello bitch 2",
    "commentsCount": 1,
    "lastComment": { "username": "lperdereau", "text": "To beautiful" },
    "date": "2019-11-01T01:20:00.000Z"
  },
  {
    "id": "test3",
    "image": "https://picsum.photos/799",
    "userImage": "https://scontent-cdt1-1.cdninstagram.com/vp/fe2fa838d3c546c7b70c22395f63a796/5E56EF49/t51.2885-19/s150x150/42595108_1043995229094899_5199110465027833856_n.jpg?_nc_ht=scontent-cdt1-1.cdninstagram.com",
    "username": "nina",
    "isLike": true,
    "likes": 400,
    "haveStories": true,
    "isMark": false,
    "description": "Hello bitch 3",
    "commentsCount": 100,
    "lastComment": { "username": "lperdereau", "text": "To beautiful" },
    "date": "2019-12-01T09:20:00.000Z"
  },
  {
    "id": "test4",
    "image": "https://picsum.photos/799",
    "userImage": "https://scontent-cdt1-1.cdninstagram.com/vp/fe2fa838d3c546c7b70c22395f63a796/5E56EF49/t51.2885-19/s150x150/42595108_1043995229094899_5199110465027833856_n.jpg?_nc_ht=scontent-cdt1-1.cdninstagram.com",
    "username": "emmacakecup",
    "isLike": true,
    "likes": 400,
    "haveStories": true,
    "isMark": false,
    "description": "Hello bitch 3",
    "commentsCount": 100,
    "lastComment": { "username": "lperdereau", "text": "To beautiful" },
    "date": "2019-12-01T09:20:00.000Z"
  },
  {
    "id": "test5",
    "image": "https://picsum.photos/800",
    "userImage": "https://scontent-cdt1-1.cdninstagram.com/vp/fe2fa838d3c546c7b70c22395f63a796/5E56EF49/t51.2885-19/s150x150/42595108_1043995229094899_5199110465027833856_n.jpg?_nc_ht=scontent-cdt1-1.cdninstagram.com",
    "username": "emmacakecup",
    "isLike": true,
    "likes": 400,
    "haveStories": true,
    "isMark": false,
    "description": "Hello bitch 3",
    "commentsCount": 100,
    "lastComment": { "username": "lperdereau", "text": "To beautiful" },
    "date": "2019-12-01T09:20:00.000Z"
  },
  {
    "id": "test6",
    "image": "https://picsum.photos/799",
    "userImage": "https://scontent-cdt1-1.cdninstagram.com/vp/fe2fa838d3c546c7b70c22395f63a796/5E56EF49/t51.2885-19/s150x150/42595108_1043995229094899_5199110465027833856_n.jpg?_nc_ht=scontent-cdt1-1.cdninstagram.com",
    "username": "emmacakecup",
    "isLike": true,
    "likes": 400,
    "haveStories": true,
    "isMark": false,
    "description": "Hello bitch 3",
    "commentsCount": 100,
    "lastComment": { "username": "lperdereau", "text": "To beautiful" },
    "date": "2019-12-01T09:20:00.000Z"
  },
  {
    "id": "test7",
    "image": "https://picsum.photos/800",
    "userImage": "https://scontent-cdt1-1.cdninstagram.com/vp/fe2fa838d3c546c7b70c22395f63a796/5E56EF49/t51.2885-19/s150x150/42595108_1043995229094899_5199110465027833856_n.jpg?_nc_ht=scontent-cdt1-1.cdninstagram.com",
    "username": "emmacakecup",
    "isLike": true,
    "likes": 400,
    "haveStories": true,
    "isMark": false,
    "description": "Hello bitch 3",
    "commentsCount": 100,
    "lastComment": { "username": "lperdereau", "text": "To beautiful" },
    "date": "2019-12-01T09:20:00.000Z"
  },
  {
    "id": "test8",
    "image": "https://picsum.photos/799",
    "userImage": "https://scontent-cdt1-1.cdninstagram.com/vp/fe2fa838d3c546c7b70c22395f63a796/5E56EF49/t51.2885-19/s150x150/42595108_1043995229094899_5199110465027833856_n.jpg?_nc_ht=scontent-cdt1-1.cdninstagram.com",
    "username": "emmacakecup",
    "isLike": true,
    "likes": 400,
    "haveStories": true,
    "isMark": false,
    "description": "Hello bitch 3",
    "commentsCount": 100,
    "lastComment": { "username": "lperdereau", "text": "To beautiful" },
    "date": "2019-12-01T09:20:00.000Z"
  },
  {
    "id": "test9",
    "image": "https://picsum.photos/800",
    "userImage": "https://scontent-cdt1-1.cdninstagram.com/vp/fe2fa838d3c546c7b70c22395f63a796/5E56EF49/t51.2885-19/s150x150/42595108_1043995229094899_5199110465027833856_n.jpg?_nc_ht=scontent-cdt1-1.cdninstagram.com",
    "username": "emmacakecup",
    "isLike": true,
    "likes": 400,
    "haveStories": true,
    "isMark": false,
    "description": "Hello bitch 3",
    "commentsCount": 100,
    "lastComment": { "username": "lperdereau", "text": "To beautiful" },
    "date": "2019-12-01T09:20:00.000Z"
  },
  {
    "id": "test10",
    "image": "https://picsum.photos/799",
    "userImage": "https://scontent-cdt1-1.cdninstagram.com/vp/fe2fa838d3c546c7b70c22395f63a796/5E56EF49/t51.2885-19/s150x150/42595108_1043995229094899_5199110465027833856_n.jpg?_nc_ht=scontent-cdt1-1.cdninstagram.com",
    "username": "emmacakecup",
    "isLike": true,
    "likes": 400,
    "haveStories": true,
    "isMark": false,
    "description": "Hello bitch 3",
    "commentsCount": 100,
    "lastComment": { "username": "lperdereau", "text": "To beautiful" },
    "date": "2019-12-01T09:20:00.000Z"
  },
  {
    "id": "test11",
    "image": "https://picsum.photos/800",
    "userImage": "https://scontent-cdt1-1.cdninstagram.com/vp/fe2fa838d3c546c7b70c22395f63a796/5E56EF49/t51.2885-19/s150x150/42595108_1043995229094899_5199110465027833856_n.jpg?_nc_ht=scontent-cdt1-1.cdninstagram.com",
    "username": "emmacakecup",
    "isLike": true,
    "likes": 400,
    "haveStories": true,
    "isMark": false,
    "description": "Hello bitch 3",
    "commentsCount": 100,
    "lastComment": { "username": "lperdereau", "text": "To beautiful" },
    "date": "2019-12-01T09:20:00.000Z"
  },
  {
    "id": "test12",
    "image": "https://picsum.photos/799",
    "userImage": "https://scontent-cdt1-1.cdninstagram.com/vp/fe2fa838d3c546c7b70c22395f63a796/5E56EF49/t51.2885-19/s150x150/42595108_1043995229094899_5199110465027833856_n.jpg?_nc_ht=scontent-cdt1-1.cdninstagram.com",
    "username": "emmacakecup",
    "isLike": true,
    "likes": 400,
    "haveStories": true,
    "isMark": false,
    "description": "Hello bitch 3",
    "commentsCount": 100,
    "lastComment": { "username": "lperdereau", "text": "To beautiful" },
    "date": "2019-12-01T09:20:00.000Z"
  },
  {
    "id": "test13",
    "image": "https://picsum.photos/800",
    "userImage": "https://scontent-cdt1-1.cdninstagram.com/vp/fe2fa838d3c546c7b70c22395f63a796/5E56EF49/t51.2885-19/s150x150/42595108_1043995229094899_5199110465027833856_n.jpg?_nc_ht=scontent-cdt1-1.cdninstagram.com",
    "username": "emmacakecup",
    "isLike": true,
    "likes": 400,
    "haveStories": true,
    "isMark": false,
    "description": "Hello bitch 3",
    "commentsCount": 100,
    "lastComment": { "username": "lperdereau", "text": "To beautiful" },
    "date": "2019-12-01T09:20:00.000Z"
  },
  {
    "id": "test14",
    "image": "https://picsum.photos/799",
    "userImage": "https://scontent-cdt1-1.cdninstagram.com/vp/fe2fa838d3c546c7b70c22395f63a796/5E56EF49/t51.2885-19/s150x150/42595108_1043995229094899_5199110465027833856_n.jpg?_nc_ht=scontent-cdt1-1.cdninstagram.com",
    "username": "emmacakecup",
    "isLike": true,
    "likes": 400,
    "haveStories": true,
    "isMark": false,
    "description": "Hello bitch 3",
    "commentsCount": 100,
    "lastComment": { "username": "lperdereau", "text": "To beautiful" },
    "date": "2019-12-01T09:20:00.000Z"
  },
  {
    "id": "test15",
    "image": "https://picsum.photos/800",
    "userImage": "https://scontent-cdt1-1.cdninstagram.com/vp/fe2fa838d3c546c7b70c22395f63a796/5E56EF49/t51.2885-19/s150x150/42595108_1043995229094899_5199110465027833856_n.jpg?_nc_ht=scontent-cdt1-1.cdninstagram.com",
    "username": "emmacakecup",
    "isLike": true,
    "likes": 400,
    "haveStories": true,
    "isMark": false,
    "description": "Hello bitch 3",
    "commentsCount": 100,
    "lastComment": { "username": "lperdereau", "text": "To beautiful" },
    "date": "2019-12-01T09:20:00.000Z"
  },
  {
    "id": "test16",
    "image": "https://picsum.photos/799",
    "userImage": "https://scontent-cdt1-1.cdninstagram.com/vp/fe2fa838d3c546c7b70c22395f63a796/5E56EF49/t51.2885-19/s150x150/42595108_1043995229094899_5199110465027833856_n.jpg?_nc_ht=scontent-cdt1-1.cdninstagram.com",
    "username": "emmacakecup",
    "isLike": true,
    "likes": 400,
    "haveStories": true,
    "isMark": false,
    "description": "Hello bitch 3",
    "commentsCount": 100,
    "lastComment": { "username": "lperdereau", "text": "To beautiful" },
    "date": "2019-12-01T09:20:00.000Z"
  },
  {
    "id": "test17",
    "image": "https://picsum.photos/800",
    "userImage": "https://scontent-cdt1-1.cdninstagram.com/vp/fe2fa838d3c546c7b70c22395f63a796/5E56EF49/t51.2885-19/s150x150/42595108_1043995229094899_5199110465027833856_n.jpg?_nc_ht=scontent-cdt1-1.cdninstagram.com",
    "username": "emmacakecup",
    "isLike": true,
    "likes": 400,
    "haveStories": true,
    "isMark": false,
    "description": "Hello bitch 3",
    "commentsCount": 100,
    "lastComment": { "username": "lperdereau", "text": "To beautiful" },
    "date": "2019-12-01T09:20:00.000Z"
  },
  {
    "id": "test18",
    "image": "https://picsum.photos/799",
    "userImage": "https://scontent-cdt1-1.cdninstagram.com/vp/fe2fa838d3c546c7b70c22395f63a796/5E56EF49/t51.2885-19/s150x150/42595108_1043995229094899_5199110465027833856_n.jpg?_nc_ht=scontent-cdt1-1.cdninstagram.com",
    "username": "emmacakecup",
    "isLike": true,
    "likes": 400,
    "haveStories": true,
    "isMark": false,
    "description": "Hello bitch 3",
    "commentsCount": 100,
    "lastComment": { "username": "lperdereau", "text": "To beautiful" },
    "date": "2019-12-01T09:20:00.000Z"
  },
  {
    "id": "test19",
    "image": "https://picsum.photos/800",
    "userImage": "https://scontent-cdt1-1.cdninstagram.com/vp/fe2fa838d3c546c7b70c22395f63a796/5E56EF49/t51.2885-19/s150x150/42595108_1043995229094899_5199110465027833856_n.jpg?_nc_ht=scontent-cdt1-1.cdninstagram.com",
    "username": "emmacakecup",
    "isLike": true,
    "likes": 400,
    "haveStories": true,
    "isMark": false,
    "description": "Hello bitch 3",
    "commentsCount": 100,
    "lastComment": { "username": "lperdereau", "text": "To beautiful" },
    "date": "2019-12-01T09:20:00.000Z"
  }
]
