[
  {
    "bio": "Ma super bio",
    "username": "LouisPrdr",
    "firstname": "Louis",
    "lastname": "Perdereau",
    "avatar": "https://scontent-cdt1-1.cdninstagram.com/vp/cbe5e1957a350d57f58d7f45f99287d6/5E45DEC4/t51.2885-19/11282006_435888173258072_222583534_a.jpg?_nc_ht=scontent-cdt1-1.cdninstagram.com",
    "website": "https://louisperdereau.fr",
    "followingCount": 10,
    "followersCount": 20,
    "postsCount": 160
  },
  {
    "bio": "Youtubeuse possédant un humour palpable 1,8m de jeunes pousses 🌱Snap 👻: EmmaCtz Contact pro : emmacakecup@gmail.com\n ✉️ @emmafuninsta youtu.be/RUpezqQQ6s8",
    "username": "emmacakecup",
    "firstname": "Maël",
    "lastname": "Chauvet",
    "avatar": "https://instaq-bucket-1.s3.fr-par.scw.cloud/72331304_2390667064507300_8985305133365485976_n.jpg",
    "website": "https://shyndard.eu",
    "followingCount": 200,
    "followersCount": 250,
    "postsCount": 520
  }
]
